id,lang,prefix,total,good,views,edits,users,admins,ts,loclang,images,loclanglink,activeusers,version,si_mainpage,si_base,si_sitename,si_generator,si_phpversion,si_phpsapi,si_dbtype,si_dbversion,si_rev,si_case,si_rights,si_lang,si_fallback8bitEncoding,si_writeapi,si_timezone,si_timeoffset,si_articlepath,si_scriptpath,si_script,si_variantarticlepath,si_server,si_wikiid,si_time,method,http
2,English,en,37705712,5000680,63208806,797386739,26610629,1329,2015-11-02 00:10:19,English,866887,English_language,126672,MediaWiki 1.20wmf12,,,,MediaWiki 1.26wmf7,,,,,,,,,,,,,,,,,,,,8,200,
16,Swedish,sv,4679376,2010258,1135996,30694415,462809,71,2015-11-02 00:00:33,Svenska,0,Svenska,2657,MediaWiki 1.20wmf12,,,,MediaWiki 1.26wmf7,,,,,,,,,,,,,,,,,,,,8,200,
10,German,de,5307099,1871127,8543798,152758815,2282066,245,2015-11-02 00:00:29,Deutsch,137770,Deutsch,18998,MediaWiki 1.20wmf12,,,,MediaWiki 1.26wmf7,,,,,,,,,,,,,,,,,,,,8,200,
8,Dutch,nl,3510777,1840659,2743142,46228579,726257,50,2015-11-02 00:06:59,Nederlands,19,Nederlands,3726,MediaWiki 1.20wmf12,,,,MediaWiki 1.26wmf7,,,,,,,,,,,,,,,,,,,,8,200,
1,French,fr,7775590,1688950,2234272,122345986,2359972,163,2015-11-02 00:00:48,Fran√ßais,48309,Fran√ßais,15197,MediaWiki 1.20wmf12,,,,MediaWiki 1.26wmf7,,,,,,,,,,,,,,,,,,,,8,200,
24,Russian,ru,4579011,1264417,79753,86532146,1777569,90,2015-11-02 00:10:05,–†—É—Å—Å–∫–∏–π,183219,–†—É—Å—Å–∫–∏–π_—è–∑—ã–∫,10075,MediaWiki 1.20wmf12,,,,MediaWiki 1.26wmf7,,,,,,,,,,,,,,,,,,,,8,200,
212,Waray-Waray,war,2869539,1259342,0,6277122,26264,2,2015-11-02 00:01:44,Winaray,353,Winaray,80,MediaWiki 1.20wmf12,,,,MediaWiki 1.26wmf7,,,,,,,,,,,,,,,,,,,,8,200,
153,Cebuano,ceb,2861714,1241620,0,5912635,23711,5,2015-11-02 00:02:16,Sinugboanong Binisaya,263,Sinugboanon,81,MediaWiki 1.20wmf12,,,,MediaWiki 1.26wmf7,,,,,,,,,,,,,,,,,,,,8,200,
4,Italian,it,4208359,1232462,406,81368581,1284901,104,2015-11-02 00:10:13,Italiano,132041,Lingua_italiana,7437,MediaWiki 1.20wmf12,,,,MediaWiki 1.26wmf7,,,,,,,,,,,,,,,,,,,,8,200,
22,Spanish,es,5206641,1210184,1798947,91635921,3980848,75,2015-11-02 00:07:17,Espa√±ol,1,Idioma_espa√±ol,16316,MediaWiki 1.20wmf12,,,,MediaWiki 1.26wmf7,,,,,,,,,,,,,,,,,,,,8,200,
3,Polish,pl,2372470,1141505,2704125,43938372,717929,117,2015-11-02 00:00:35,Polski,0,Jƒôzyk_polski,3841,MediaWiki 1.20wmf12,,,,MediaWiki 1.26wmf7,,,,,,,,,,,,,,,,,,,,8,200,
39,Vietnamese,vi,3086766,1140421,4,22441714,466650,22,2015-11-02 00:05:52,Ti·∫øng Vi·ªát,20524,Ti·∫øng_Vi·ªát,1253,MediaWiki 1.20wmf12,,,,MediaWiki 1.26wmf7,,,,,,,,,,,,,,,,,,,,8,200,
20,Japanese,ja,2836449,989440,2340982,58371507,1026974,49,2015-11-02 00:00:44,Êó•Êú¨Ë™û,82155,Êó•Êú¨Ë™û,11432,MediaWiki 1.20wmf12,,,,MediaWiki 1.26wmf7,,,,,,,,,,,,,,,,,,,,8,200,
13,Portuguese,pt,3942406,893206,144,44777439,1657318,63,2015-11-02 00:00:31,Portugu√™s,34650,L√≠ngua_portuguesa,6122,MediaWiki 1.20wmf12,,,,MediaWiki 1.26wmf7,,,,,,,,,,,,,,,,,,,,8,200,
6,Chinese,zh,4432529,846738,325484,38992749,2183457,77,2015-11-02 00:10:09,‰∏≠Êñá,39609,Ê±âËØ≠,5904,MediaWiki 1.20wmf12,,,,MediaWiki 1.26wmf7,,,,,,,,,,,,,,,,,,,,8,200,
44,Ukrainian,uk,1764402,597726,59,17179798,291752,42,2015-11-02 00:06:02,–£–∫—Ä–∞—ó–Ω—Å—å–∫–∞,77890,–£–∫—Ä–∞—ó–Ω—Å—å–∫–∞_–º–æ–≤–∞,2296,MediaWiki 1.20wmf12,,,,MediaWiki 1.26wmf7,,,,,,,,,,,,,,,,,,,,8,200,
48,Catalan,ca,1212848,481724,171,16320911,212680,26,2015-11-02 00:10:11,Catal√†,8760,Catal√†,1767,MediaWiki 1.20wmf12,,,,MediaWiki 1.26wmf7,,,,,,,,,,,,,,,,,,,,8,200,
27,Persian,fa,3118763,472206,24,20883481,536456,30,2015-11-02 00:07:24,ŸÅÿßÿ±ÿ≥€å,28530,ŸÅÿßÿ±ÿ≥€å,2597,MediaWiki 1.20wmf12,,,,MediaWiki 1.26wmf7,,,,,,,,,,,,,,,,,,,,8,200,
199,Serbo-Croatian,sh,4526304,428160,2996,20317542,84739,10,2015-11-02 00:00:52,Srpskohrvatski / –°—Ä–ø—Å–∫–æ—Ö—Ä–≤–∞—Ç—Å–∫–∏,6528,Srpskohrvatski_jezik,230,MediaWiki 1.20wmf12,,,,MediaWiki 1.26wmf7,,,,,,,,,,,,,,,,,,,,8,200,
21,Norwegian (Bokm√•l),no,1107571,423201,152,14806185,342609,52,2015-11-02 00:00:46,Norsk (Bokm√•l),21,Norsk,1615,MediaWiki 1.20wmf12,,,,MediaWiki 1.26wmf7,,,,,,,,,,,,,,,,,,,,8,200,
40,Arabic,ar,2418945,386026,5201,19986836,1087379,37,2015-11-02 00:05:54,ÿßŸÑÿπÿ±ÿ®Ÿäÿ©,25520,ŸÑÿ∫ÿ© ÿπÿ±ÿ®Ÿäÿ©,3789,MediaWiki 1.20wmf12,,,,MediaWiki 1.26wmf7,,,,,,,,,,,,,,,,,,,,8,200,
9,Finnish,fi,1037495,381940,396,16140914,300270,41,2015-11-02 00:00:39,Suomi,42840,Suomen_kieli,1526,MediaWiki 1.20wmf12,,,,MediaWiki 1.26wmf7,,,,,,,,,,,,,,,,,,,,8,200,
15,Hungarian,hu,1085947,370513,6640,17409351,301544,34,2015-11-02 00:06:54,Magyar,38307,Magyar_nyelv,1571,MediaWiki 1.20wmf12,,,,MediaWiki 1.26wmf7,,,,,,,,,,,,,,,,,,,,8,200,
46,Indonesian,id,1660492,369003,49,11341064,742366,26,2015-11-02 00:00:21,Bahasa Indonesia,55916,Bahasa_Indonesia,2173,MediaWiki 1.20wmf12,,,,MediaWiki 1.26wmf7,,,,,,,,,,,,,,,,,,,,8,200,
47,Romanian,ro,1558868,352558,15059,10442864,353411,19,2015-11-02 00:05:45,Rom√¢nƒÉ,36073,Limba_rom√¢nƒÉ,851,MediaWiki 1.20wmf12,,,,MediaWiki 1.26wmf7,,,,,,,,,,,,,,,,,,,,8,200,
36,Czech,cs,890650,336183,42278,13383931,314890,28,2015-11-02 00:00:25,ƒåe≈°tina,2,ƒåe≈°tina,2021,MediaWiki 1.20wmf12,,,,MediaWiki 1.26wmf7,,,,,,,,,,,,,,,,,,,,8,200,
25,Korean,ko,1142984,332575,38991,16932670,373037,33,2015-11-02 00:07:22,ÌïúÍµ≠Ïñ¥,11810,ÌïúÍµ≠Ïñ¥,2731,MediaWiki 1.20wmf12,,,,MediaWiki 1.26wmf7,,,,,,,,,,,,,,,,,,,,8,200,
50,Serbian,sr,1188705,327107,3862,11669067,169858,22,2015-11-02 00:05:50,–°—Ä–ø—Å–∫–∏ / Srpski,27069,–°—Ä–ø—Å–∫–∏_—ò–µ–∑–∏–∫,668,MediaWiki 1.20wmf12,,,,MediaWiki 1.26wmf7,,,,,,,,,,,,,,,,,,,,8,200,
81,Malay,ms,752036,278484,4072,4063459,163450,16,2015-11-02 00:09:02,Bahasa Melayu,19375,Bahasa_Melayu,331,MediaWiki 1.20wmf12,,,,MediaWiki 1.26wmf7,,,,,,,,,,,,,,,,,,,,8,200,
32,Turkish,tr,1378450,255039,9762,17158996,802766,25,2015-11-02 00:00:42,T√ºrk√ße,28617,T√ºrk√ße,3018,MediaWiki 1.20wmf12,,,,MediaWiki 1.26wmf7,,,,,,,,,,,,,,,,,,,,8,200,
304,Minangkabau,min,315815,221671,,1163690,4084,3,2015-11-02 00:00:56,Baso Minangkabau,188,,20,,,,,MediaWiki 1.26wmf7,,,,,,,,,,,,,,,,,,,,8,200,
51,Esperanto,eo,480512,220888,716972,5841776,112250,21,2015-11-02 00:00:23,Esperanto,6703,Esperanto,362,MediaWiki 1.20wmf12,,,,MediaWiki 1.26wmf7,,,,,,,,,,,,,,,,,,,,8,200,
60,Basque,eu,580393,216226,9,5137700,62497,10,2015-11-02 00:06:44,Euskara,1,Euskara,269,MediaWiki 1.20wmf12,,,,MediaWiki 1.26wmf7,,,,,,,,,,,,,,,,,,,,8,200,
43,Kazakh,kk,499352,212774,0,2449570,51158,13,2015-11-02 00:06:00,“ö–∞–∑–∞“õ—à–∞,9542,“ö–∞–∑–∞“õ —Ç—ñ–ª—ñ,229,MediaWiki 1.20wmf12,,,,MediaWiki 1.26wmf7,,,,,,,,,,,,,,,,,,,,8,200,
28,Danish,da,710044,210916,467539,8680790,252960,28,2015-11-02 00:07:03,Dansk,4,Dansk_(sprog),968,MediaWiki 1.20wmf12,,,,MediaWiki 1.26wmf7,,,,,,,,,,,,,,,,,,,,8,200,
7,Bulgarian,bg,461403,208941,85,7372558,184335,28,2015-11-02 00:00:37,–ë—ä–ª–≥–∞—Ä—Å–∫–∏,1235,–ë—ä–ª–≥–∞—Ä—Å–∫–∏ –µ–∑–∏–∫,764,MediaWiki 1.20wmf12,,,,MediaWiki 1.26wmf7,,,,,,,,,,,,,,,,,,,,8,200,
35,Slovak,sk,444001,207034,381,6171672,121013,8,2015-11-02 00:07:15,Slovenƒçina,5,Slovenƒçina,464,MediaWiki 1.20wmf12,,,,MediaWiki 1.26wmf7,,,,,,,,,,,,,,,,,,,,8,200,
69,Armenian,hy,586639,190405,0,3749494,44741,9,2015-11-02 00:06:27,’Ä’°’µ’•÷Ä’•’∂,5884,’Ä’°’µ’•÷Ä’•’∂,545,MediaWiki 1.20wmf12,,,,MediaWiki 1.26wmf7,,,,,,,,,,,,,,,,,,,,8,200,
26,Hebrew,he,755152,179921,29380,18602958,286109,39,2015-11-02 00:10:17,◊¢◊ë◊®◊ô◊™,45685,◊¢◊ë◊®◊ô◊™,2295,MediaWiki 1.20wmf12,,,,MediaWiki 1.26wmf7,,,,,,,,,,,,,,,,,,,,8,200,
58,Lithuanian,lt,394125,174445,20,5040905,93540,17,2015-11-02 00:06:40,Lietuvi≈≥,18091,Lietuvi≈≥ kalba,387,MediaWiki 1.20wmf12,,,,MediaWiki 1.26wmf7,,,,,,,,,,,,,,,,,,,,8,200,
37,Croatian,hr,435715,158633,6276,4776429,152213,27,2015-11-02 00:06:36,Hrvatski,13930,Hrvatski_jezik,498,MediaWiki 1.20wmf12,,,,MediaWiki 1.26wmf7,,,,,,,,,,,,,,,,,,,,8,200,
19,Slovenian,sl,346921,148163,14648,4683606,137348,25,2015-11-02 00:07:01,Sloven≈°ƒçina,6640,Sloven≈°ƒçina,302,MediaWiki 1.20wmf12,,,,MediaWiki 1.26wmf7,,,,,,,,,,,,,,,,,,,,8,200,
14,Estonian,et,358774,138998,140,4418211,83047,31,2015-11-02 00:06:52,Eesti,2523,Eesti_keel,435,MediaWiki 1.20wmf12,,,,MediaWiki 1.26wmf7,,,,,,,,,,,,,,,,,,,,8,200,
88,Uzbek,uz,648512,127991,0,2461138,23958,8,2015-11-02 00:08:39,O‚Äòzbek,419,O ªzbek_tili,106,MediaWiki 1.20wmf12,,,,MediaWiki 1.26wmf7,,,,,,,,,,,,,,,,,,,,8,200,
11,Galician,gl,286747,125708,17,3793234,63144,14,2015-11-02 00:06:48,Galego,11107,Lingua_galega,280,MediaWiki 1.20wmf12,,,,MediaWiki 1.26wmf7,,,,,,,,,,,,,,,,,,,,8,200,
83,Norwegian (Nynorsk),nn,286278,123982,0,2962708,67683,25,2015-11-02 00:09:06,Nynorsk,6,Nynorsk,176,MediaWiki 1.20wmf12,,,,MediaWiki 1.26wmf7,,,,,,,,,,,,,,,,,,,,8,200,
23,Latin,la,230141,123120,60,3062519,79195,18,2015-11-02 00:07:19,Latina,1,Lingua_Latina,203,MediaWiki 1.20wmf12,,,,MediaWiki 1.26wmf7,,,,,,,,,,,,,,,,,,,,8,200,
59,Volap√ºk,vo,249081,120234,0,3306875,20070,3,2015-11-02 00:06:42,Volap√ºk,0,Volap√ºk_perevid√∂l,31,MediaWiki 1.20wmf12,,,,MediaWiki 1.26wmf7,,,,,,,,,,,,,,,,,,,,8,200,
52,Simple English,simple,378263,115652,89,12626171,476472,19,2015-11-02 00:05:29,Simple English,23,Wikipedia:Simple_English_Wikipedia,695,MediaWiki 1.20wmf12,,,,MediaWiki 1.26wmf7,,,,,,,,,,,,,,,,,,,,8,200,
18,Greek,el,338491,111387,4165,5613911,185813,20,2015-11-02 00:10:15,ŒïŒªŒªŒ∑ŒΩŒπŒ∫Œ¨,13672,ŒïŒªŒªŒ∑ŒΩŒπŒ∫ŒÆ_Œ≥ŒªœéœÉœÉŒ±,883,MediaWiki 1.20wmf12,,,,MediaWiki 1.26wmf7,,,,,,,,,,,,,,,,,,,,8,200,
152,Chechen,ce,123926,108200,0,849842,10880,2,2015-11-02 00:02:14,–ù–æ—Ö—á–∏–π–Ω,305,–ù–æ—Ö—á–∏–π–Ω –º–æ—Ç—Ç,31,MediaWiki 1.20wmf12,,,,MediaWiki 1.26wmf7,,,,,,,,,,,,,,,,,,,,8,200,
87,Belarusian,be,260986,107573,0,2253682,53948,9,2015-11-02 00:09:15,–ë–µ–ª–∞—Ä—É—Å–∫–∞—è,1711,–ë–µ–ª–∞—Ä—É—Å–∫–∞—è –º–æ–≤–∞,232,MediaWiki 1.20wmf12,,,,MediaWiki 1.26wmf7,,,,,,,,,,,,,,,,,,,,8,200,
65,Georgian,ka,277413,100778,0,3094227,73804,3,2015-11-02 00:06:19,·É•·Éê·É†·Éó·É£·Éö·Éò,11870,·É•·Éê·É†·Éó·É£·Éö·Éò ·Éî·Éú·Éê,230,MediaWiki 1.20wmf12,,,,MediaWiki 1.26wmf7,,,,,,,,,,,,,,,,,,,,8,200,
30,Hindi,hi,539086,100699,8065,3024310,199261,8,2015-11-02 00:07:07,‡§π‡§ø‡§®‡•ç‡§¶‡•Ä,2636,‡§π‡§ø‡§®‡•ç‡§¶‡•Ä,448,MediaWiki 1.20wmf12,,,,MediaWiki 1.26wmf7,,,,,,,,,,,,,,,,,,,,8,200,
116,Azerbaijani,az,255854,100124,0,3607154,99791,13,2015-11-02 00:08:01,Az…ôrbaycanca,16212,Az…ôrbaycan dili,533,MediaWiki 1.20wmf12,,,,MediaWiki 1.26wmf7,,,,,,,,,,,,,,,,,,,,8,200,
57,Thai,th,581672,98088,16,6523999,247901,15,2015-11-02 00:00:27,‡πÑ‡∏ó‡∏¢,33660,‡∏†‡∏≤‡∏©‡∏≤‡πÑ‡∏ó‡∏¢,966,MediaWiki 1.20wmf12,,,,MediaWiki 1.26wmf7,,,,,,,,,,,,,,,,,,,,8,200,
62,Occitan,oc,142044,88706,9,2121823,24579,4,2015-11-02 00:06:13,Occitan,1249,Occitan,101,MediaWiki 1.20wmf12,,,,MediaWiki 1.26wmf7,,,,,,,,,,,,,,,,,,,,8,200,
72,Urdu,ur,377548,86782,1,4519957,46673,16,2015-11-02 00:06:11,ÿßÿ±ÿØŸà,4514,ÿßÿ±ÿØŸà,218,MediaWiki 1.20wmf12,,,,MediaWiki 1.26wmf7,,,,,,,,,,,,,,,,,,,,8,200,
100,Macedonian,mk,382299,83731,0,4223477,57712,15,2015-11-02 00:09:59,–ú–∞–∫–µ–¥–æ–Ω—Å–∫–∏,7081,–ú–∞–∫–µ–¥–æ–Ω—Å–∫–∏_—ò–∞–∑–∏–∫,195,MediaWiki 1.20wmf12,,,,MediaWiki 1.26wmf7,,,,,,,,,,,,,,,,,,,,8,200,
74,Malagasy,mg,214879,81102,0,810921,10700,3,2015-11-02 00:07:26,Malagasy,54,Fiteny_malagasy,53,MediaWiki 1.20wmf12,,,,MediaWiki 1.26wmf7,,,,,,,,,,,,,,,,,,,,8,200,
214,Min Nan,zh-min-nan,264355,72369,15,782283,23033,7,2015-11-02 00:01:30,B√¢n-l√¢m-g√∫,431,B√¢n-l√¢m-g√∫,57,MediaWiki 1.20wmf12,,,,MediaWiki 1.26wmf7,,,,,,,,,,,,,,,,,,,,8,200,
245,Newar / Nepal Bhasa,new,195320,72350,0,829001,13746,1,2015-11-02 00:04:57,‡§®‡•á‡§™‡§æ‡§≤ ‡§≠‡§æ‡§∑‡§æ,83,‡§®‡•á‡§™‡§æ‡§≤‡§≠‡§æ‡§∑‡§æ,22,MediaWiki 1.20wmf12,,,,MediaWiki 1.26wmf7,,,,,,,,,,,,,,,,,,,,8,200,
31,Tamil,ta,219616,70765,10,2024668,89488,37,2015-11-02 00:07:09,‡Æ§‡ÆÆ‡Æø‡Æ¥‡Øç,9318,‡Æ§‡ÆÆ‡Æø‡Æ¥‡Øç,427,MediaWiki 1.20wmf12,,,,MediaWiki 1.26wmf7,,,,,,,,,,,,,,,,,,,,8,200,
56,Welsh,cy,156148,68835,4818,5294891,34525,16,2015-11-02 00:06:08,Cymraeg,15731,Cymraeg,100,MediaWiki 1.20wmf12,,,,MediaWiki 1.26wmf7,,,,,,,,,,,,,,,,,,,,8,200,
104,Tatar,tt,154976,67419,3,2118934,18638,3,2015-11-02 00:09:50,Tatar√ßa / –¢–∞—Ç–∞—Ä—á–∞,2988,Tatar_tele,57,MediaWiki 1.20wmf12,,,,MediaWiki 1.26wmf7,,,,,,,,,,,,,,,,,,,,8,200,
53,Bosnian,bs,334083,64513,10216,2855883,81736,8,2015-11-02 00:05:31,Bosanski,23772,Bosanski jezik,161,MediaWiki 1.20wmf12,,,,MediaWiki 1.26wmf7,,,,,,,,,,,,,,,,,,,,8,200,
101,Tagalog,tl,207573,63867,7,1571587,68668,13,2015-11-02 00:09:44,Tagalog,1968,Wikang_Tagalog,123,MediaWiki 1.20wmf12,,,,MediaWiki 1.26wmf7,,,,,,,,,,,,,,,,,,,,8,200,
242,Piedmontese,pms,94807,63856,0,856016,13941,9,2015-11-02 00:04:15,Piemont√®is,2262,Lenga_piemont√®isa,39,MediaWiki 1.20wmf12,,,,MediaWiki 1.26wmf7,,,,,,,,,,,,,,,,,,,,8,200,
70,Latvian,lv,262019,63720,2,2507610,54970,11,2015-11-02 00:06:29,Latvie≈°u,17013,Latvie≈°u valoda,247,MediaWiki 1.20wmf12,,,,MediaWiki 1.26wmf7,,,,,,,,,,,,,,,,,,,,8,200,
76,Telugu,te,194562,61527,0,1750836,49829,17,2015-11-02 00:09:17,‡∞§‡±Ü‡∞≤‡±Å‡∞ó‡±Å,9951,‡∞§‡±Ü‡∞≤‡±Å‡∞ó‡±Å,137,MediaWiki 1.20wmf12,,,,MediaWiki 1.26wmf7,,,,,,,,,,,,,,,,,,,,8,200,
264,Belarusian (Tara≈°kievica),be-x-old,147540,57067,0,1882678,42250,5,2015-09-09 00:04:19,–ë–µ–ª–∞—Ä—É—Å–∫–∞—è (—Ç–∞—Ä–∞—à–∫–µ–≤—ñ—Ü–∞),1620,–ë–µ–ª–∞—Ä—É—Å–∫–∞—è –º–æ–≤–∞,151,MediaWiki 1.20wmf12,,,,MediaWiki 1.26wmf7,,,,,,,,,,,,,,,,,,,,8,301,
105,Breton,br,112964,55781,0,1748421,36130,8,2015-11-02 00:09:25,Brezhoneg,5403,Brezhoneg,112,MediaWiki 1.20wmf12,,,,MediaWiki 1.26wmf7,,,,,,,,,,,,,,,,,,,,8,200,
167,Haitian,ht,61780,52470,0,710541,14229,0,2015-11-02 00:01:51,Kr√®yol ayisyen,65,Lang_krey√≤l ayisyen,32,MediaWiki 1.20wmf12,,,,MediaWiki 1.26wmf7,,,,,,,,,,,,,,,,,,,,8,200,
71,Albanian,sq,137391,51181,2,1702020,78127,12,2015-11-02 00:06:31,Shqip,11512,Gjuha_shqipe,196,MediaWiki 1.20wmf12,,,,MediaWiki 1.26wmf7,,,,,,,,,,,,,,,,,,,,8,200,
94,Javanese,jv,123490,48667,2,960211,26030,7,2015-11-02 00:09:35,Basa Jawa,5228,Basa_Jawa,61,MediaWiki 1.20wmf12,,,,MediaWiki 1.26wmf7,,,,,,,,,,,,,,,,,,,,8,200,
103,Kirghiz,ky,62651,48174,0,225082,11967,3,2015-11-02 00:09:48,–ö—ã—Ä–≥—ã–∑—á–∞,2647,–ö—ã—Ä–≥—ã–∑ —Ç–∏–ª–∏,53,MediaWiki 1.20wmf12,,,,MediaWiki 1.26wmf7,,,,,,,,,,,,,,,,,,,,8,200,
86,Luxembourgish,lb,99759,44551,0,1940785,29051,6,2015-11-02 00:09:12,L√´tzebuergesch,2490,L√´tzebuergesch,70,MediaWiki 1.20wmf12,,,,MediaWiki 1.26wmf7,,,,,,,,,,,,,,,,,,,,8,200,
128,Marathi,mr,173062,42644,1,1409491,60235,10,2015-11-02 00:07:36,‡§Æ‡§∞‡§æ‡§†‡•Ä,20438,‡§Æ‡§∞‡§æ‡§†‡•Ä ‡§≠‡§æ‡§∑‡§æ,128,MediaWiki 1.20wmf12,,,,MediaWiki 1.26wmf7,,,,,,,,,,,,,,,,,,,,8,200,
235,Cantonese,zh-yue,113957,40751,0,1008661,112970,8,2015-11-02 00:04:30,Á≤µË™û,903,Á≤µË™û,191,MediaWiki 1.20wmf12,,,,MediaWiki 1.26wmf7,,,,,,,,,,,,,,,,,,,,8,200,
41,Malayalam,ml,278758,40603,8035,2303411,75641,18,2015-11-02 00:05:56,‡¥Æ‡¥≤‡¥Ø‡¥æ‡¥≥‡¥Ç,4785,‡¥Æ‡¥≤‡¥Ø‡¥æ‡¥≥‡¥Ç,245,MediaWiki 1.20wmf12,,,,MediaWiki 1.26wmf7,,,,,,,,,,,,,,,,,,,,8,200,
34,Icelandic,is,109465,39940,4,1571000,44563,24,2015-11-02 00:07:13,√çslenska,3194,√çslenska,148,MediaWiki 1.20wmf12,,,,MediaWiki 1.26wmf7,,,,,,,,,,,,,,,,,,,,8,200,
68,Tajik,tg,89133,39848,0,737228,13492,5,2015-11-02 00:06:25,–¢–æ“∑–∏–∫”£,559,–ó–∞–±–æ–Ω–∏ —Ç–æ“∑–∏–∫”£,52,MediaWiki 1.20wmf12,,,,MediaWiki 1.26wmf7,,,,,,,,,,,,,,,,,,,,8,200,
93,Bengali,bn,418736,38470,0,2009324,99135,16,2015-11-02 00:09:23,‡¶¨‡¶æ‡¶Ç‡¶≤‡¶æ,3167,‡¶¨‡¶æ‡¶Ç‡¶≤‡¶æ_‡¶≠‡¶æ‡¶∑‡¶æ,524,MediaWiki 1.20wmf12,,,,MediaWiki 1.26wmf7,,,,,,,,,,,,,,,,,,,,8,200,
63,Asturian,ast,58517,37637,0,908401,29958,9,2015-11-02 00:06:15,Asturianu,23,Asturianu,92,MediaWiki 1.20wmf12,,,,MediaWiki 1.26wmf7,,,,,,,,,,,,,,,,,,,,8,200,
38,Afrikaans,af,91949,37535,46,1449228,72951,11,2015-11-02 00:06:38,Afrikaans,5524,Afrikaans,163,MediaWiki 1.20wmf12,,,,MediaWiki 1.26wmf7,,,,,,,,,,,,,,,,,,,,8,200,
61,Irish,ga,59211,36230,2,806143,24230,7,2015-11-02 00:06:46,Gaeilge,1260,Gaeilge,70,MediaWiki 1.20wmf12,,,,MediaWiki 1.26wmf7,,,,,,,,,,,,,,,,,,,,8,200,
117,Bashkir,ba,89376,35143,0,546034,13287,5,2015-11-02 00:07:42,–ë–∞—à“°–æ—Ä—Ç,1541,–ë–∞—à“°–æ—Ä—Ç —Ç–µ–ª–µ,71,MediaWiki 1.20wmf12,,,,MediaWiki 1.26wmf7,,,,,,,,,,,,,,,,,,,,8,200,
196,Scots,sco,125429,34630,0,525970,29077,6,2015-11-02 00:01:07,Scots,337,Scots_leid,79,MediaWiki 1.20wmf12,,,,MediaWiki 1.26wmf7,,,,,,,,,,,,,,,,,,,,8,200,
285,Western Panjabi,pnb,41875,34241,0,425255,14483,1,2015-11-02 00:03:48,ÿ¥ÿß€Å ŸÖ⁄©⁄æ€å ŸæŸÜÿ¨ÿßÿ®€å (ShƒÅhmukhƒ´ Pa√±jƒÅbƒ´),267,ÿ¥ÿß€Å ŸÖ⁄©⁄æ€å ŸæŸÜÿ¨ÿßÿ®€å,35,MediaWiki 1.20wmf12,,,,MediaWiki 1.26wmf7,,,,,,,,,,,,,,,,,,,,8,200,
159,Chuvash,cv,54154,33702,0,574453,17034,2,2015-11-02 00:02:01,–ßƒÉ–≤–∞—à,671,–ßƒÉ–≤–∞—à —áƒï–ª—Ö–∏,34,MediaWiki 1.20wmf12,,,,MediaWiki 1.26wmf7,,,,,,,,,,,,,,,,,,,,8,200,
78,West Frisian,fy,79891,32691,42,792151,20493,9,2015-11-02 00:08:56,Frysk,5581,Frysk,63,MediaWiki 1.20wmf12,,,,MediaWiki 1.26wmf7,,,,,,,,,,,,,,,,,,,,8,200,
181,Lombard,lmo,84979,32541,0,1065086,15793,6,2015-11-02 00:02:49,Lumbaart,4428,Lengua_Lumbarda,42,MediaWiki 1.20wmf12,,,,MediaWiki 1.26wmf7,,,,,,,,,,,,,,,,,,,,8,200,
129,Burmese,my,54570,31404,0,277461,32168,3,2015-11-02 00:07:38,·Äô·Äº·Äî·Ä∫·Äô·Ä¨·Äò·Ä¨·Äû·Ä¨,4116,·Äô·Äº·Äî·Ä∫·Äô·Ä¨·Äò·Ä¨·Äû·Ä¨·ÄÖ·ÄÄ·Ä¨·Ä∏,83,MediaWiki 1.20wmf12,,,,MediaWiki 1.26wmf7,,,,,,,,,,,,,,,,,,,,8,200,
142,Yoruba,yo,53457,31114,0,549855,12853,1,2015-11-02 00:08:12,Yor√πb√°,212,√àd√® Yor√πb√°,36,MediaWiki 1.20wmf12,,,,MediaWiki 1.26wmf7,,,,,,,,,,,,,,,,,,,,8,200,
75,Aragonese,an,100159,30873,0,1614250,37408,6,2015-11-02 00:09:52,Aragon√©s,1172,Idioma_aragon√©s,88,MediaWiki 1.20wmf12,,,,MediaWiki 1.26wmf7,,,,,,,,,,,,,,,,,,,,8,200,
66,Swahili,sw,75724,30521,1,1001967,22442,9,2015-11-02 00:06:21,Kiswahili,1991,Kiswahili,81,MediaWiki 1.20wmf12,,,,MediaWiki 1.26wmf7,,,,,,,,,,,,,,,,,,,,8,200,
77,Nepali,ne,73942,27082,0,512104,24391,15,2015-11-02 00:09:19,‡§®‡•á‡§™‡§æ‡§≤‡•Ä,393,‡§®‡•á‡§™‡§æ‡§≤‡•Ä ‡§≠‡§æ‡§∑‡§æ,142,MediaWiki 1.20wmf12,,,,MediaWiki 1.26wmf7,,,,,,,,,,,,,,,,,,,,8,200,
5,Ido,io,39813,26307,2,937551,18127,4,2015-11-02 00:06:56,Ido,102,Ido,57,MediaWiki 1.20wmf12,,,,MediaWiki 1.26wmf7,,,,,,,,,,,,,,,,,,,,8,200,
42,Gujarati,gu,59779,25745,0,407378,27026,3,2015-11-02 00:05:58,‡™ó‡´Å‡™ú‡™∞‡™æ‡™§‡´Ä,272,‡™ó‡´Å‡™ú‡™∞‡™æ‡™§‡´Ä_‡™≠‡™æ‡™∑‡™æ,55,MediaWiki 1.20wmf12,,,,MediaWiki 1.26wmf7,,,,,,,,,,,,,,,,,,,,8,200,
17,Sicilian,scn,56564,25332,0,749410,21778,7,2015-11-02 00:06:34,Sicilianu,1419,Lingua_siciliana,37,MediaWiki 1.20wmf12,,,,MediaWiki 1.26wmf7,,,,,,,,,,,,,,,,,,,,8,200,
253,Bishnupriya Manipuri,bpy,57579,25060,0,804686,14757,1,2015-11-02 00:05:16,‡¶á‡¶Æ‡¶æ‡¶∞ ‡¶†‡¶æ‡¶∞/‡¶¨‡¶ø‡¶∑‡ßç‡¶£‡ßÅ‡¶™‡ßç‡¶∞‡¶ø‡¶Ø‡¶º‡¶æ ‡¶Æ‡¶£‡¶ø‡¶™‡ßÅ‡¶∞‡ßÄ,200,‡¶¨‡¶ø‡¶∑‡ßç‡¶£‡ßÅ‡¶™‡ßç‡¶∞‡¶ø‡¶Ø‡¶º‡¶æ ‡¶Æ‡¶£‡¶ø‡¶™‡ßÅ‡¶∞‡ßÄ,12,MediaWiki 1.20wmf12,,,,MediaWiki 1.26wmf7,,,,,,,,,,,,,,,,,,,,8,200,
49,Low Saxon,nds,62386,24259,26,789565,24852,5,2015-11-02 00:05:48,Plattd√º√ºtsch,0,Plattd√º√ºtsch,50,MediaWiki 1.20wmf12,,,,MediaWiki 1.26wmf7,,,,,,,,,,,,,,,,,,,,8,200,
12,Kurdish,ku,51785,21396,75,678664,25770,6,2015-11-02 00:06:50,Kurd√Æ / ŸÉŸàÿ±ÿØ€å,678,Ziman√™ kurd√Æ,67,MediaWiki 1.20wmf12,,,,MediaWiki 1.26wmf7,,,,,,,,,,,,,,,,,,,,8,200,
102,Alemannic,als,46101,20161,1,666622,45857,7,2015-11-02 00:09:46,Alemannisch,787,Alemannisch,99,MediaWiki 1.20wmf12,,,,MediaWiki 1.26wmf7,,,,,,,,,,,,,,,,,,,,8,200,
97,Quechua,qu,51336,19416,0,658027,14650,2,2015-11-02 00:09:42,Runa Simi,85,Qhichwa_simi,33,MediaWiki 1.20wmf12,,,,MediaWiki 1.26wmf7,,,,,,,,,,,,,,,,,,,,8,200,
108,Punjabi,pa,61596,19258,0,271724,12388,4,2015-11-02 00:09:31,‡®™‡©∞‡®ú‡®æ‡®¨‡©Ä,1001,‡®™‡©∞‡®ú‡®æ‡®¨‡©Ä,115,MediaWiki 1.20wmf12,,,,MediaWiki 1.26wmf7,,,,,,,,,,,,,,,,,,,,8,200,
80,Sundanese,su,43205,18465,0,482273,14245,7,2015-11-02 00:09:00,Basa Sunda,587,Basa_Sunda,32,MediaWiki 1.20wmf12,,,,MediaWiki 1.26wmf7,,,,,,,,,,,,,,,,,,,,8,200,
64,Kannada,kn,63857,16600,0,551615,29338,5,2015-11-02 00:06:17,‡≤ï‡≤®‡≥ç‡≤®‡≤°,3230,‡≤ï‡≤®‡≥ç‡≤®‡≤°,92,MediaWiki 1.20wmf12,,,,MediaWiki 1.26wmf7,,,,,,,,,,,,,,,,,,,,8,200,
284,Sorani,ckb,98402,16371,0,500726,19997,5,2015-11-02 00:03:46,Soran√Æ / ⁄©Ÿàÿ±ÿØ€å,446,ÿØ€ïÿ≥ÿ™Ÿæ€é⁄©,95,MediaWiki 1.20wmf12,,,,MediaWiki 1.26wmf7,,,,,,,,,,,,,,,,,,,,8,200,
252,Bavarian,bar,73257,15413,0,559648,30186,8,2015-11-02 00:05:14,Boarisch,730,Boarische Spr√•ch,179,MediaWiki 1.20wmf12,,,,MediaWiki 1.26wmf7,,,,,,,,,,,,,,,,,,,,8,200,
107,Mongolian,mn,44550,14873,2,465086,36397,7,2015-11-02 00:09:29,–ú–æ–Ω–≥–æ–ª,1474,–ú–æ–Ω–≥–æ–ª —Ö—ç–ª,88,MediaWiki 1.20wmf12,,,,MediaWiki 1.26wmf7,,,,,,,,,,,,,,,,,,,,8,200,
45,Interlingua,ia,25463,14566,41,556692,22851,6,2015-11-02 00:06:04,Interlingua,26,Interlingua,32,MediaWiki 1.20wmf12,,,,MediaWiki 1.26wmf7,,,,,,,,,,,,,,,,,,,,8,200,
281,Egyptian Arabic,arz,117315,14459,0,743166,71381,7,2015-11-02 00:03:23,ŸÖÿµÿ±Ÿâ (Ma·π£rƒ´),1649,ÿßŸÑŸÑÿ∫Ÿá ÿßŸÑŸÖÿµÿ±ŸäŸá ÿßŸÑÿ≠ÿØŸäÿ´Ÿá,93,MediaWiki 1.20wmf12,,,,MediaWiki 1.26wmf7,,,,,,,,,,,,,,,,,,,,8,200,
184,Neapolitan,nap,28702,14279,0,692887,13799,2,2015-11-02 00:02:35,Nnapulitano,450,Lengua napulitana,24,MediaWiki 1.20wmf12,,,,MediaWiki 1.26wmf7,,,,,,,,,,,,,,,,,,,,8,200,
230,Samogitian,bat-smg,24093,14109,0,343874,14291,4,2015-11-02 00:04:47,≈Ωemaitƒó≈°ka,644,≈Ωemaitiu_kalba,21,MediaWiki 1.20wmf12,,,,MediaWiki 1.26wmf7,,,,,,,,,,,,,,,,,,,,8,200,
151,Buginese,bug,18261,14103,0,198002,7295,0,2015-11-02 00:02:54,Basa Ugi,3,·®Ö·®ó·®å·®ë ·®ï·®ò·®Å·®ó,13,MediaWiki 1.20wmf12,,,,MediaWiki 1.26wmf7,,,,,,,,,,,,,,,,,,,,8,200,
211,Walloon,wa,35922,13927,76344,324154,11731,2,2015-11-02 00:01:42,Walon,2200,Walon,20,MediaWiki 1.20wmf12,,,,MediaWiki 1.26wmf7,,,,,,,,,,,,,,,,,,,,8,200,
121,Scottish Gaelic,gd,28130,13414,1,519791,12858,5,2015-11-02 00:07:51,G√†idhlig,479,G√†idhlig,38,MediaWiki 1.20wmf12,,,,MediaWiki 1.26wmf7,,,,,,,,,,,,,,,,,,,,8,200,
114,Amharic,am,42282,12980,0,342935,19746,3,2015-11-02 00:07:57,·ä†·àõ·à≠·äõ,1602,·ä†·àõ·à≠·äõ,27,MediaWiki 1.20wmf12,,,,MediaWiki 1.26wmf7,,,,,,,,,,,,,,,,,,,,8,200,
240,Banyumasan,map-bms,26269,12968,0,205973,7946,1,2015-11-02 00:04:41,Basa Banyumasan,555,Basa_Banyumasan,8,MediaWiki 1.20wmf12,,,,MediaWiki 1.26wmf7,,,,,,,,,,,,,,,,,,,,8,200,
55,Yiddish,yi,36718,12942,1,521720,22147,3,2015-11-02 00:06:06,◊ô◊ô÷¥◊ì◊ô◊©,1452,◊ô◊ô◊ì◊ô◊©,34,MediaWiki 1.20wmf12,,,,MediaWiki 1.26wmf7,,,,,,,,,,,,,,,,,,,,8,200,
244,Mazandarani,mzn,25400,12152,0,135181,10565,3,2015-11-02 00:04:59,ŸÖŸéÿ≤Ÿêÿ±ŸàŸÜŸä,216,ŸÖÿßÿ≤ÿ±ŸàŸÜ€å ÿ≤€åŸàŸàŸÜ,21,MediaWiki 1.20wmf12,,,,MediaWiki 1.26wmf7,,,,,,,,,,,,,,,,,,,,8,200,
73,Faroese,fo,33224,11395,41,341273,13357,3,2015-11-02 00:05:35,F√∏royskt,140,F√∏royskt (m√°l),42,MediaWiki 1.20wmf12,,,,MediaWiki 1.26wmf7,,,,,,,,,,,,,,,,,,,,8,200,
200,Sinhalese,si,52991,11365,0,357453,22975,2,2015-11-02 00:01:11,‡∑É‡∑í‡∂Ç‡∑Ñ‡∂Ω,4007,‡∑É‡∑í‡∂Ç‡∑Ñ‡∂Ω ‡∂∑‡∑è‡∑Ç‡∑è‡∑Ä,93,MediaWiki 1.20wmf12,,,,MediaWiki 1.26wmf7,,,,,,,,,,,,,,,,,,,,8,200,
99,Nahuatl,nah,22646,10864,621,416018,12109,3,2015-11-02 00:09:56,NƒÅhuatl,214,NƒÅhuatlaht≈çlli,20,MediaWiki 1.20wmf12,,,,MediaWiki 1.26wmf7,,,,,,,,,,,,,,,,,,,,8,200,
210,Venetian,vec,32739,10666,0,591777,15472,4,2015-11-02 00:01:40,V√®neto,706,≈Å√©ngua_v√®neta,43,MediaWiki 1.20wmf12,,,,MediaWiki 1.26wmf7,,,,,,,,,,,,,,,,,,,,8,200,
278,Sakha,sah,34322,10527,0,342077,10579,2,2015-11-02 00:03:17,–°–∞—Ö–∞ —Ç—ã–ª–∞ (Saxa Tyla),1937,–°–∞—Ö–∞ —Ç—ã–ª–∞,38,MediaWiki 1.20wmf12,,,,MediaWiki 1.26wmf7,,,,,,,,,,,,,,,,,,,,8,200,
180,Limburgish,li,38817,10232,0,396853,13673,5,2015-11-02 00:02:47,Limburgs,684,Limburgs,34,MediaWiki 1.20wmf12,,,,MediaWiki 1.26wmf7,,,,,,,,,,,,,,,,,,,,8,200,
190,Ossetian,os,38169,10197,0,482725,13433,3,2015-11-02 00:01:57,–ò—Ä–æ–Ω–∞—É,342,–ò—Ä–æ–Ω_√¶–≤–∑–∞–≥,16,MediaWiki 1.20wmf12,,,,MediaWiki 1.26wmf7,,,,,,,,,,,,,,,,,,,,8,200,
130,Oriya,or,46737,10093,1,226519,10194,4,2015-11-02 00:08:03,‡¨ì‡≠ú‡¨ø‡¨Ü,147,‡¨ì‡¨°‡¨º‡¨ø‡¨Ü,71,MediaWiki 1.20wmf12,,,,MediaWiki 1.26wmf7,,,,,,,,,,,,,,,,,,,,8,200,
96,Sanskrit,sa,35007,10092,1,323821,15175,4,2015-11-02 00:09:40,‡§∏‡§Ç‡§∏‡•ç‡§ï‡•É‡§§‡§Æ‡•ç,507,‡§∏‡§Ç‡§∏‡•ç‡§ï‡•É‡§§ ‡§≠‡§æ‡§∑‡§æ,47,MediaWiki 1.20wmf12,,,,MediaWiki 1.26wmf7,,,,,,,,,,,,,,,,,,,,8,200,
293,Hill Mari,mrj,14365,10090,0,97452,4566,0,2015-11-02 00:04:13,–ö—ã—Ä—ã–∫ –ú–∞—Ä—ã (Kyryk Mary)¬†,48,,13,MediaWiki 1.20wmf12,,,,MediaWiki 1.26wmf7,,,,,,,,,,,,,,,,,,,,8,200,
249,Upper Sorbian,hsb,25294,9877,0,339920,12912,3,2015-11-02 00:05:43,Hornjoserbsce,246,Hornjoserb≈°ƒáina,24,MediaWiki 1.20wmf12,,,,MediaWiki 1.26wmf7,,,,,,,,,,,,,,,,,,,,8,200,
256,Tarantino,roa-tara,16985,9216,0,135033,6012,2,2015-11-02 00:05:22,Tarand√≠ne,310,Dial√®tte tarandine,17,MediaWiki 1.20wmf12,,,,MediaWiki 1.26wmf7,,,,,,,,,,,,,,,,,,,,8,200,
191,Kapampangan,pam,18234,8505,0,293076,10707,2,2015-11-02 00:01:17,Kapampangan,818,Kapampangan_(amanu),19,MediaWiki 1.20wmf12,,,,MediaWiki 1.26wmf7,,,,,,,,,,,,,,,,,,,,8,200,
283,Meadow Mari,mhr,18837,7947,0,146066,6609,0,2015-11-02 00:03:44,–û–ª—ã–∫ –ú–∞—Ä–∏–π (Olyk Marij),401,–¢”±“• –ª–∞—à—Ç—ã–∫,15,MediaWiki 1.20wmf12,,,,MediaWiki 1.26wmf7,,,,,,,,,,,,,,,,,,,,8,200,
309,South Azerbaijani,azb,12558,7733,,62386,1070,3,2015-11-02 00:10:24,ÿ™€Üÿ±⁄©ÿ¨Ÿá,0,,47,,,,,,,,,,,,,,,,,,,,,,,,,8,200,
172,Ilokano,ilo,35414,7461,0,272224,8093,2,2015-11-02 00:03:00,Ilokano,112,Pagsasao nga Iloko,13,MediaWiki 1.20wmf12,,,,MediaWiki 1.26wmf7,,,,,,,,,,,,,,,,,,,,8,200,
197,Northern Sami,se,16683,7179,0,286154,13208,5,2015-11-02 00:01:09,S√°megiella,59,Davvis√°megiella,13,MediaWiki 1.20wmf12,,,,MediaWiki 1.26wmf7,,,,,,,,,,,,,,,,,,,,8,200,
82,Maori,mi,12773,7086,3,146664,7047,4,2015-11-02 00:09:04,MƒÅori,13,Reo_MƒÅori,19,MediaWiki 1.20wmf12,,,,MediaWiki 1.26wmf7,,,,,,,,,,,,,,,,,,,,8,200,
268,Central_Bicolano,bcl,11794,6629,0,167524,9127,1,2015-11-02 00:05:10,Bikol,1300,Tataramon na Bikol,29,MediaWiki 1.20wmf12,,,,MediaWiki 1.26wmf7,,,,,,,,,,,,,,,,,,,,8,200,
274,Fiji Hindi,hif,18536,6585,0,231899,13609,2,2015-11-02 00:05:08,Fiji Hindi,196,Fiji Hindi bhasa,30,MediaWiki 1.20wmf12,,,,MediaWiki 1.26wmf7,,,,,,,,,,,,,,,,,,,,8,200,
275,Gan,gan,32977,6324,0,408228,23581,2,2015-11-02 00:08:45,Ë¥õË™û,260,Ë¥õË™û,28,MediaWiki 1.20wmf12,,,,MediaWiki 1.26wmf7,,,,,,,,,,,,,,,,,,,,8,200,
109,Pashto,ps,16858,6261,1,181155,10984,0,2015-11-02 00:09:33,Ÿæ⁄öÿ™Ÿà,1365,Ÿæ⁄öÿ™Ÿà,35,MediaWiki 1.20wmf12,,,,MediaWiki 1.26wmf7,,,,,,,,,,,,,,,,,,,,8,200,
247,Emilian-Romagnol,eml,20102,6199,0,96614,10217,2,2015-11-02 00:05:39,Emili√†n e rumagn√≤l,1209,Langua emigli√®na-rumagn√¥la,22,MediaWiki 1.20wmf12,,,,MediaWiki 1.26wmf7,,,,,,,,,,,,,,,,,,,,8,200,
266,Hakka,hak,11052,6082,0,101588,15339,0,2015-11-02 00:03:42,Hak-k√¢-fa / ÂÆ¢ÂÆ∂Ë©±,38,Hak-k√¢-fa,28,MediaWiki 1.20wmf12,,,,MediaWiki 1.26wmf7,,,,,,,,,,,,,,,,,,,,8,200,
254,Zazaki,diq,21991,5954,0,361242,12629,2,2015-11-02 00:05:18,Zazaki,221,Zazaki,22,MediaWiki 1.20wmf12,,,,MediaWiki 1.26wmf7,,,,,,,,,,,,,,,,,,,,8,200,
147,Bihari,bh,20902,5941,0,212826,7531,3,2015-11-02 00:08:22,‡§≠‡•ã‡§ú‡§™‡•Å‡§∞‡•Ä,29,‡§≠‡•ã‡§ú‡§™‡•Å‡§∞‡•Ä_‡§≠‡§æ‡§∑‡§æ,18,MediaWiki 1.20wmf12,,,,MediaWiki 1.26wmf7,,,,,,,,,,,,,,,,,,,,8,200,
261,Gilaki,glk,11895,5808,0,48614,7581,2,2015-11-02 00:04:17,⁄Ø€åŸÑ⁄©€å,893,⁄Ø€åŸÑ⁄©€å ÿ≤ŸàÿßŸÜ,17,MediaWiki 1.20wmf12,,,,MediaWiki 1.26wmf7,,,,,,,,,,,,,,,,,,,,8,200,
297,Rusyn,rue,9699,5795,0,106083,10574,0,2015-11-02 00:04:05,—Ä—É—Å–∏–Ω—å—Å–∫—ã–π —è–∑—ã–∫,24,,15,MediaWiki 1.20wmf12,,,,MediaWiki 1.26wmf7,,,,,,,,,,,,,,,,,,,,8,200,
228,Dutch Low Saxon,nds-nl,15670,5768,0,303562,13142,7,2015-11-02 00:03:10,Nedersaksisch,1060,Nederlaands_Leegsaksisch,21,MediaWiki 1.20wmf12,,,,MediaWiki 1.26wmf7,,,,,,,,,,,,,,,,,,,,8,200,
233,West Flemish,vls,17127,5681,0,297498,12168,5,2015-11-02 00:04:53,West-Vlams,530,West-Vlams,23,MediaWiki 1.20wmf12,,,,MediaWiki 1.26wmf7,,,,,,,,,,,,,,,,,,,,8,200,
118,Tibetan,bo,16028,5628,0,137803,13012,0,2015-11-02 00:07:45,‡Ωñ‡Ωº‡Ωë‡ºã‡Ω¶‡æê‡Ωë,292,‡Ωñ‡Ωº‡Ωë‡ºã‡Ω¶‡æê‡Ωë‡ºç,19,MediaWiki 1.20wmf12,,,,MediaWiki 1.26wmf7,,,,,,,,,,,,,,,,,,,,8,200,
162,V√µro,fiu-vro,9632,5365,0,176439,7159,2,2015-11-02 00:02:08,V√µro,252,V√µro_kiil,11,MediaWiki 1.20wmf12,,,,MediaWiki 1.26wmf7,,,,,,,,,,,,,,,,,,,,8,200,
300,Mingrelian,xmf,17982,5332,,115549,6340,2,2015-11-02 00:03:56,·Éõ·Éê·É†·Éí·Éê·Éö·É£·É†·Éò (Margaluri),0,,21,MediaWiki 1.20wmf12,,,,MediaWiki 1.26wmf7,,,,,,,,,,,,,,,,,,,,8,200,
33,Corsican,co,13256,5165,9,364675,10239,2,2015-11-02 00:07:11,Corsu,64,Lingua_corsa,19,MediaWiki 1.20wmf12,,,,MediaWiki 1.26wmf7,,,,,,,,,,,,,,,,,,,,8,200,
203,Turkmen,tk,12270,5051,0,201437,11351,1,2015-11-02 00:01:23,ÿ™ÿ±ŸÉŸÖŸÜ / –¢—É—Ä–∫–º–µ–Ω,381,T√ºrkmen_dili,26,MediaWiki 1.20wmf12,,,,MediaWiki 1.26wmf7,,,,,,,,,,,,,,,,,,,,8,200,
111,Sardinian,sc,12406,5021,0,151380,9418,2,2015-11-02 00:08:49,Sardu,178,Limba_sarda,19,MediaWiki 1.20wmf12,,,,MediaWiki 1.26wmf7,,,,,,,,,,,,,,,,,,,,8,200,
303,Vepsian,vep,11763,4932,,78718,5438,0,2015-11-02 00:10:03,Veps√É¬§n,52,,25,n/a or error,,,,MediaWiki 1.26wmf7,,,,,,,,,,,,,,,,,,,,8,200,
308,Northern Luri,lrc,6645,4833,,21907,703,1,2015-11-02 00:10:26,ŸÑ€äÿ±€å ÿ¥ŸàŸÖÿßŸÑ€å,0,,12,,,,,,,,,,,,,,,,,,,,,,,,,8,200,
122,Manx,gv,17479,4822,1,304760,9953,2,2015-11-02 00:07:53,Gaelg,205,Gaelg,18,MediaWiki 1.20wmf12,,,,MediaWiki 1.26wmf7,,,,,,,,,,,,,,,,,,,,8,200,
92,Khmer,km,23832,4743,0,169373,17186,6,2015-11-02 00:09:21,·ûó·û∂·ûü·û∂·ûÅ·üí·ûò·üÇ·ûö,1198,·ûó·û∂·ûü·û∂·ûÅ·üí·ûò·üÇ·ûö,44,MediaWiki 1.20wmf12,,,,MediaWiki 1.26wmf7,,,,,,,,,,,,,,,,,,,,8,200,
119,Kashubian,csb,8250,4687,2,173673,8334,1,2015-11-02 00:07:47,Kasz√´bsczi,142,Kasz√´bsczi j√£z√´k,13,MediaWiki 1.20wmf12,,,,MediaWiki 1.26wmf7,,,,,,,,,,,,,,,,,,,,8,200,
177,Komi,kv,10343,4487,0,130355,7066,0,2015-11-02 00:02:41,–ö–æ–º–∏,315,–ö–æ–º–∏ –∫—ã–≤,13,MediaWiki 1.20wmf12,,,,MediaWiki 1.26wmf7,,,,,,,,,,,,,,,,,,,,8,200,
269,Crimean Tatar,crh,15876,4324,0,133992,8939,1,2015-11-02 00:03:29,Qƒ±rƒ±mtatarca,3,Qƒ±rƒ±mtatar tili,25,MediaWiki 1.20wmf12,,,,MediaWiki 1.26wmf7,,,,,,,,,,,,,,,,,,,,8,200,
132,Sindhi,sd,10154,4289,0,45899,5171,3,2015-11-02 00:08:54,ÿ≥ŸÜ⁄åŸäÿå ÿ≥ŸÜÿØ⁄æ€å ÿå ‡§∏‡§ø‡§®‡•ç‡§ß,43,ÿ≥ŸÜ⁄åŸä ŸªŸàŸÑŸä,23,MediaWiki 1.20wmf12,,,,MediaWiki 1.26wmf7,,,,,,,,,,,,,,,,,,,,8,200,
255,Zeelandic,zea,7703,4283,0,99604,6199,4,2015-11-02 00:05:20,Ze√™uws,7,Ze√™uws,10,MediaWiki 1.20wmf12,,,,MediaWiki 1.26wmf7,,,,,,,,,,,,,,,,,,,,8,200,
291,North Frisian,frr,14507,4219,0,107300,7078,3,2015-11-02 00:04:03,Nordfriisk,638,,13,MediaWiki 1.20wmf12,,,,MediaWiki 1.26wmf7,,,,,,,,,,,,,,,,,,,,8,200,
258,Classical Chinese,zh-classical,66759,4052,0,257184,55936,1,2015-11-02 00:05:04,Âè§Êñá / ÊñáË®ÄÊñá,2,ÊñáË®Ä,74,MediaWiki 1.20wmf12,,,,MediaWiki 1.26wmf7,,,,,,,,,,,,,,,,,,,,8,200,
243,Wu,wuu,12106,3935,0,225676,36618,3,2015-11-02 00:04:55,Âê¥ËØ≠,384,Âê¥ËØ≠,46,MediaWiki 1.20wmf12,,,,MediaWiki 1.26wmf7,,,,,,,,,,,,,,,,,,,,8,200,
115,Assamese,as,35796,3774,0,156080,12524,4,2015-11-02 00:07:59,‡¶Ö‡¶∏‡¶Æ‡ßÄ‡ßü‡¶æ,1357,‡¶Ö‡¶∏‡¶Æ‡ßÄ‡¶Ø‡¶º‡¶æ ‡¶≠‡¶æ‡¶∑‡¶æ ‡¶Ü‡ß∞‡ßÅ ‡¶≤‡¶ø‡¶™‡¶ø,51,MediaWiki 1.20wmf12,,,,MediaWiki 1.26wmf7,,,,,,,,,,,,,,,,,,,,8,200,
201,Somali,so,14992,3691,0,160593,12718,2,2015-11-02 00:01:13,Soomaaliga,159,Af-Soomaali,58,MediaWiki 1.20wmf12,,,,MediaWiki 1.26wmf7,,,,,,,,,,,,,,,,,,,,8,200,
279,Silesian,szl,11426,3681,0,232525,10757,3,2015-11-02 00:03:19,≈öl≈Ønski,4,≈öl≈Ønsko godka,15,MediaWiki 1.20wmf12,,,,MediaWiki 1.26wmf7,,,,,,,,,,,,,,,,,,,,8,200,
207,Udmurt,udm,9338,3660,0,108317,6985,4,2015-11-02 00:01:36,–£–¥–º—É—Ä—Ç –∫—ã–ª,168,–£–¥–º—É—Ä—Ç_–∫—ã–ª,18,MediaWiki 1.20wmf12,,,,MediaWiki 1.26wmf7,,,,,,,,,,,,,,,,,,,,8,200,
67,Aymara,ay,7494,3656,0,81008,8703,0,2015-11-02 00:06:23,Aymar,14,Aymar_aru,20,MediaWiki 1.20wmf12,,,,MediaWiki 1.26wmf7,,,,,,,,,,,,,,,,,,,,8,200,
106,Cornish,kw,8143,3642,0,175674,7137,0,2015-11-02 00:09:27,Kernewek/Karnuack,76,Kernewek,14,MediaWiki 1.20wmf12,,,,MediaWiki 1.26wmf7,,,,,,,,,,,,,,,,,,,,8,200,
271,Saterland Frisian,stq,8660,3627,0,117663,7026,3,2015-11-02 00:03:36,Seeltersk,493,Seeltersk,18,MediaWiki 1.20wmf12,,,,MediaWiki 1.26wmf7,,,,,,,,,,,,,,,,,,,,8,200,
241,Norman,nrm,7949,3588,0,215022,7064,0,2015-11-02 00:04:43,Nouormand/Normaund,5,Normaund,14,MediaWiki 1.20wmf12,,,,MediaWiki 1.26wmf7,,,,,,,,,,,,,,,,,,,,8,200,
131,Romansh,rm,8497,3546,0,149001,9190,3,2015-11-02 00:08:06,Rumantsch,53,Rumantsch dal Grischun,18,MediaWiki 1.20wmf12,,,,MediaWiki 1.26wmf7,,,,,,,,,,,,,,,,,,,,8,200,
294,Komi-Permyak,koi,7357,3421,0,55234,4176,0,2015-11-02 00:04:11,–ü–µ—Ä–µ–º –ö–æ–º–∏ (Perem Komi),275,,5,MediaWiki 1.20wmf12,,,,MediaWiki 1.26wmf7,,,,,,,,,,,,,,,,,,,,8,200,
262,Min Dong,cdo,7958,3404,0,47537,9831,1,2015-11-02 00:04:20,M√¨ng-dƒïÃ§ng-ng·π≥ÃÑ,41,M√¨ng-dƒïÃ§ng-ng·π≥ÃÑ,27,MediaWiki 1.20wmf12,,,,MediaWiki 1.26wmf7,,,,,,,,,,,,,,,,,,,,8,200,
178,Ladino,lad,10524,3351,0,161816,10259,4,2015-11-02 00:02:43,Dzhudezmo,61,Lingua Judeo-Espa√±ola,26,MediaWiki 1.20wmf12,,,,MediaWiki 1.26wmf7,,,,,,,,,,,,,,,,,,,,8,200,
54,Interlingue,ie,6045,3181,0,123737,7851,1,2015-11-02 00:05:33,Interlingue,12,Interlingue,16,MediaWiki 1.20wmf12,,,,MediaWiki 1.26wmf7,,,,,,,,,,,,,,,,,,,,8,200,
163,Friulian,fur,7248,3136,0,166268,7508,1,2015-11-02 00:02:10,Furlan,433,Lenghe_furlane,16,MediaWiki 1.20wmf12,,,,MediaWiki 1.26wmf7,,,,,,,,,,,,,,,,,,,,8,200,
95,Maltese,mt,14696,3127,0,257839,10797,4,2015-11-02 00:09:38,Malti,1196,Lingwa_Maltija,30,MediaWiki 1.20wmf12,,,,MediaWiki 1.26wmf7,,,,,,,,,,,,,,,,,,,,8,200,
288,Picard,pcd,7119,3070,0,54329,5809,1,2015-11-02 00:04:26,Picard,102,,19,MediaWiki 1.20wmf12,,,,MediaWiki 1.26wmf7,,,,,,,,,,,,,,,,,,,,8,200,
90,Guarani,gn,8180,3026,0,99269,8110,1,2015-11-02 00:08:43,Ava√±e'·∫Ω,15,Ava√±e'·∫Ω,16,MediaWiki 1.20wmf12,,,,MediaWiki 1.26wmf7,,,,,,,,,,,,,,,,,,,,8,200,
270,Lower Sorbian,dsb,9846,2979,0,137954,9886,2,2015-11-02 00:03:33,Dolnoserbski,18,Dolnoserb≈°ƒáina,18,MediaWiki 1.20wmf12,,,,MediaWiki 1.26wmf7,,,,,,,,,,,,,,,,,,,,8,200,
160,Divehi,dv,11184,2978,0,125394,14264,1,2015-11-02 00:02:03,ﬁãﬁ®ﬁàﬁ¨ﬁÄﬁ®ﬁÑﬁ¶ﬁêﬁ∞,1053,ﬁãﬁ®ﬁàﬁ¨ﬁÄﬁ®,14,MediaWiki 1.20wmf12,,,,MediaWiki 1.26wmf7,,,,,,,,,,,,,,,,,,,,8,200,
229,Ligurian,lij,12332,2953,0,162393,6592,0,2015-11-02 00:04:45,L√≠guru,139,Lengoa zeneize,19,MediaWiki 1.20wmf12,,,,MediaWiki 1.26wmf7,,,,,,,,,,,,,,,,,,,,8,200,
257,Zamboanga Chavacano,cbk-zam,4931,2856,0,107116,8166,1,2015-11-02 00:05:24,Chavacano de Zamboanga,0,Chavacano,19,MediaWiki 1.20wmf12,,,,MediaWiki 1.26wmf7,,,,,,,,,,,,,,,,,,,,8,200,
231,Ripuarian,ksh,9864,2778,0,2124189,13213,2,2015-11-02 00:04:49,Ripoarisch,111,Ripoarƒósch (Shprooch),18,MediaWiki 1.20wmf12,,,,MediaWiki 1.26wmf7,,,,,,,,,,,,,,,,,,,,8,200,
272,Erzya,myv,6322,2765,0,83535,5412,4,2015-11-02 00:03:27,–≠—Ä–∑—è–Ω—å (Erzjanj Kelj),19,–≠—Ä–∑—è–Ω—å –∫–µ–ª—å,10,MediaWiki 1.20wmf12,,,,MediaWiki 1.26wmf7,,,,,,,,,,,,,,,,,,,,8,200,
295,Gagauz,gag,6048,2747,0,64488,5560,1,2015-11-02 00:04:09,Gagauz,3,,22,MediaWiki 1.20wmf12,,,,MediaWiki 1.26wmf7,,,,,,,,,,,,,,,,,,,,8,200,
273,Extremaduran,ext,5975,2746,0,111824,8847,0,2015-11-02 00:03:25,Estreme√±u,3,Luenga estreme√±a,29,MediaWiki 1.20wmf12,,,,MediaWiki 1.26wmf7,,,,,,,,,,,,,,,,,,,,8,200,
286,Mirandese,mwl,6852,2724,0,88306,6290,2,2015-11-02 00:04:22,Mirand√©s,2,,13,MediaWiki 1.20wmf12,,,,MediaWiki 1.26wmf7,,,,,,,,,,,,,,,,,,,,8,200,
29,Anglo-Saxon,ang,14048,2704,0,188962,73587,1,2015-11-02 00:07:05,Englisc,384,Englisc_spr«£c,40,MediaWiki 1.20wmf12,,,,MediaWiki 1.26wmf7,,,,,,,,,,,,,,,,,,,,8,200,
301,Lezgian,lez,6419,2690,,58032,4227,5,2015-11-02 00:03:59,√ê¬õ√ê¬µ√ê¬∑√ê¬≥√ê¬∏ √ë¬á√ê¬Ü√ê¬∞√ê¬ª,110,,22,MediaWiki 1.20wmf12,,,,MediaWiki 1.26wmf7,,,,,,,,,,,,,,,,,,,,8,200,
302,Northern Sotho,nso,4023,2687,,21672,2242,1,2015-11-02 00:10:01,Sesotho sa Leboa,0,,16,n/a or error,,,,MediaWiki 1.26wmf7,,,,,,,,,,,,,,,,,,,,8,200,
287,Acehnese,ace,8014,2599,0,96998,11730,1,2015-11-02 00:04:24,Bahsa Ac√®h,115,√în Keu√´,30,MediaWiki 1.20wmf12,,,,MediaWiki 1.26wmf7,,,,,,,,,,,,,,,,,,,,8,200,
208,Uyghur,ug,10342,2562,0,145254,10531,1,2015-11-02 00:10:07,ÿ¶€áŸäÿ∫€áÿ± ÿ™ŸâŸÑŸâ,648,Uyghur_tili,20,MediaWiki 1.20wmf12,,,,MediaWiki 1.26wmf7,,,,,,,,,,,,,,,,,,,,8,200,
192,Pali,pi,4322,2514,0,101598,3478,0,2015-11-02 00:01:19,‡§™‡§æ‡§¥‡§ø,1,‡§™‡§æ‡§≤‡•Ä ‡§≠‡§æ‡§∑‡§æ,6,MediaWiki 1.20wmf12,,,,MediaWiki 1.26wmf7,,,,,,,,,,,,,,,,,,,,8,200,
251,Pangasinan,pag,7373,2512,0,61079,4085,0,2015-11-02 00:05:12,Pangasinan,44,Salitan_Pangasinan,7,MediaWiki 1.20wmf12,,,,MediaWiki 1.26wmf7,,,,,,,,,,,,,,,,,,,,8,200,
265,Kabyle,kab,7876,2501,0,64058,5412,0,2015-11-02 00:03:40,Taqbaylit,32,Taqbaylit,16,MediaWiki 1.20wmf12,,,,MediaWiki 1.26wmf7,,,,,,,,,,,,,,,,,,,,8,200,
187,Navajo,nv,13074,2461,0,154078,8150,2,2015-11-02 00:02:39,Din√© bizaad,329,Din√© bizaad,16,MediaWiki 1.20wmf12,,,,MediaWiki 1.26wmf7,,,,,,,,,,,,,,,,,,,,8,200,
133,Shona,sn,6029,2377,0,45246,5710,0,2015-11-02 00:08:24,chiShona,3,,12,MediaWiki 1.20wmf12,,,,MediaWiki 1.26wmf7,,,,,,,,,,,,,,,,,,,,8,200,
234,Franco-Proven√ßal/Arpitan,frp,5473,2362,0,190271,7695,2,2015-11-02 00:04:28,Arpitan,33,Arpitan,11,MediaWiki 1.20wmf12,,,,MediaWiki 1.26wmf7,,,,,,,,,,,,,,,,,,,,8,200,
126,Lingala,ln,6810,2079,0,112771,5936,2,2015-11-02 00:07:32,Lingala,36,Ling√°la,14,MediaWiki 1.20wmf12,,,,MediaWiki 1.26wmf7,,,,,,,,,,,,,,,,,,,,8,200,
146,Avar,av,8347,2071,0,61325,6449,1,2015-11-02 00:08:20,–ê–≤–∞—Ä,52,–ú–∞–≥I–∞—Ä—É–ª –º–∞—ÜI,19,MediaWiki 1.20wmf12,,,,MediaWiki 1.26wmf7,,,,,,,,,,,,,,,,,,,,8,200,
296,Palatinate German,pfl,4673,2036,0,57126,4960,6,2015-11-02 00:04:07,Pf√§lzisch,57,,12,MediaWiki 1.20wmf12,,,,MediaWiki 1.26wmf7,,,,,,,,,,,,,,,,,,,,8,200,
166,Hawaiian,haw,4702,2032,0,71115,7376,0,2015-11-02 00:01:49,Hawai`i,1,‚Äò≈ålelo_Hawai‚Äòi,8,MediaWiki 1.20wmf12,,,,MediaWiki 1.26wmf7,,,,,,,,,,,,,,,,,,,,8,200,
237,Kalmyk,xal,9402,2018,0,79355,5387,2,2015-11-02 00:04:34,–•–∞–ª—å–º–≥,6,–•–∞–ª—å–º–≥_–∫–µ–ª–Ω,9,MediaWiki 1.20wmf12,,,,MediaWiki 1.26wmf7,,,,,,,,,,,,,,,,,,,,8,200,
289,Karachay-Balkar,krc,13203,2003,0,107893,5049,1,2015-11-02 00:02:37,–ö—ä–∞—Ä–∞—á–∞–π-–ú–∞–ª–∫—ä–∞—Ä (Qarachay-Malqar),114,,12,MediaWiki 1.20wmf12,,,,MediaWiki 1.26wmf7,,,,,,,,,,,,,,,,,,,,8,200,
277,Karakalpak,kaa,4430,1798,0,42375,5335,1,2015-11-02 00:03:14,Qaraqalpaqsha,3,Qaraqalpaq tili,22,MediaWiki 1.20wmf12,,,,MediaWiki 1.26wmf7,,,,,,,,,,,,,,,,,,,,8,200,
110,Kinyarwanda,rw,5006,1784,0,77364,5458,0,2015-11-02 00:08:47,Ikinyarwanda,0,Kinyarwanda,11,MediaWiki 1.20wmf12,,,,MediaWiki 1.26wmf7,,,,,,,,,,,,,,,,,,,,8,200,
232,Pennsylvania German,pdc,5432,1755,0,105577,16911,1,2015-11-02 00:04:51,Deitsch,162,Pennsilfaanisch_Deitsch,13,MediaWiki 1.20wmf12,,,,MediaWiki 1.26wmf7,,,,,,,,,,,,,,,,,,,,8,200,
204,Tongan,to,6094,1672,0,34394,4608,1,2015-11-02 00:01:26,faka Tonga,446,Lea_fakatonga,8,MediaWiki 1.20wmf12,,,,MediaWiki 1.26wmf7,,,,,,,,,,,,,,,,,,,,8,200,
125,Greenlandic,kl,4730,1617,0,71771,6894,2,2015-11-02 00:07:30,Kalaallisut,0,Kalaallisut,15,MediaWiki 1.20wmf12,,,,MediaWiki 1.26wmf7,,,,,,,,,,,,,,,,,,,,8,200,
145,Aramaic,arc,6354,1601,0,91511,11017,3,2015-11-02 00:08:18,‹ê‹™‹°‹ù‹ê,65,‹†‹´‹¢‹ê ‹ê‹™‹°‹ù‹ê,12,MediaWiki 1.20wmf12,,,,MediaWiki 1.26wmf7,,,,,,,,,,,,,,,,,,,,8,200,
250,Novial,nov,4244,1599,0,184487,5629,2,2015-11-02 00:05:27,Novial,9,Novial,11,MediaWiki 1.20wmf12,,,,MediaWiki 1.26wmf7,,,,,,,,,,,,,,,,,,,,8,200,
299,Kabardian Circassian,kbd,6204,1539,,40791,4288,1,2015-11-02 00:03:54,–ê–¥—ã–≥—ç–±–∑—ç (Adighabze),20,,9,MediaWiki 1.20wmf12,,,,MediaWiki 1.26wmf7,,,,,,,,,,,,,,,,,,,,8,200,
306,Maithili,mai,6547,1530,,23524,1337,1,2015-11-02 00:00:58,‡§Æ‡•à‡§•‡§ø‡§≤‡•Ä,16,,22,,,,,MediaWiki 1.26wmf7,,,,,,,,,,,,,,,,,,,,8,200,
307,Gova Konknni,gom,5680,1483,,100395,795,1,2015-11-02 00:10:21,‡§ó‡•ã‡§µ‡§æ ‡§ï‡•ã‡§Ç‡§ï‡§£‡•Ä,0,,23,,,,,,,,,,,,,,,,,,,,,,,,,8,200,
248,Buryat (Russia),bxr,5906,1441,0,44596,6590,1,2015-11-02 00:05:41,–ë—É—Ä—è–∞–¥,32,,15,MediaWiki 1.20wmf12,,,,MediaWiki 1.26wmf7,,,,,,,,,,,,,,,,,,,,8,200,
182,Lao,lo,7224,1415,0,49499,7220,1,2015-11-02 00:02:51,‡∫•‡∫≤‡∫ß,25,‡∫û‡∫≤‡∫™‡∫≤‡∫•‡∫≤‡∫ß,15,MediaWiki 1.20wmf12,,,,MediaWiki 1.26wmf7,,,,,,,,,,,,,,,,,,,,8,200,
292,Banjar,bjn,9992,1404,0,58080,6021,2,2015-11-02 00:03:50,Bahasa Banjar,62,,16,MediaWiki 1.20wmf12,,,,MediaWiki 1.26wmf7,,,,,,,,,,,,,,,,,,,,8,200,
123,Hausa,ha,3285,1354,0,32957,5217,0,2015-11-02 00:07:55,ŸáŸéŸàŸèÿ≥Ÿé,2,Hausa,17,MediaWiki 1.20wmf12,,,,MediaWiki 1.26wmf7,,,,,,,,,,,,,,,,,,,,8,200,
236,Tetum,tet,3255,1329,0,59952,4568,1,2015-11-02 00:04:32,Tetun,1,Lia-tetun,22,MediaWiki 1.20wmf12,,,,MediaWiki 1.26wmf7,,,,,,,,,,,,,,,,,,,,8,200,
238,Papiamentu,pap,3742,1294,0,74679,6058,1,2015-11-02 00:04:36,Papiamentu,5,Papiamentu,14,MediaWiki 1.20wmf12,,,,MediaWiki 1.26wmf7,,,,,,,,,,,,,,,,,,,,8,200,
84,Tok Pisin,tpi,6171,1279,0,80663,6435,0,2015-11-02 00:09:08,Tok Pisin,4,Tok_Pisin,8,MediaWiki 1.20wmf12,,,,MediaWiki 1.26wmf7,,,,,,,,,,,,,,,,,,,,8,200,
79,Nauruan,na,4934,1249,1,77909,5330,1,2015-11-02 00:08:58,dorerin Naoero,1,Dorerin Naoero,9,MediaWiki 1.20wmf12,,,,MediaWiki 1.26wmf7,,,,,,,,,,,,,,,,,,,,8,200,
305,Tuvan,tyv,2728,1245,,16843,2373,0,2015-11-02 00:00:54,—Ç—ã–≤–∞ –¥—ã–ª,22,,16,,,,,MediaWiki 1.26wmf7,,,,,,,,,,,,,,,,,,,,8,200,
246,Lak,lbe,9215,1208,0,42099,4721,0,2015-11-02 00:05:01,–õ–∞–∫–∫—É,3,–õ–∞–∫–∫—É –º–∞–∑,8,MediaWiki 1.20wmf12,,,,MediaWiki 1.26wmf7,,,,,,,,,,,,,,,,,,,,8,200,
173,Lojban,jbo,6201,1191,0,110875,7989,2,2015-11-02 00:03:02,Lojban,15,lojban,18,MediaWiki 1.20wmf12,,,,MediaWiki 1.26wmf7,,,,,,,,,,,,,,,,,,,,8,200,
195,Aromanian,roa-rup,5501,1181,0,255993,8291,2,2015-11-02 00:01:05,Arm√£neashce,501,Limba_arm√£neasc√£,15,MediaWiki 1.20wmf12,,,,MediaWiki 1.26wmf7,,,,,,,,,,,,,,,,,,,,8,200,
206,Tahitian,ty,3735,1169,0,49672,4092,0,2015-11-02 00:01:34,Reo MƒÅ`ohi,1,Reo_Tahiti,8,MediaWiki 1.20wmf12,,,,MediaWiki 1.26wmf7,,,,,,,,,,,,,,,,,,,,8,200,
276,Moksha,mdf,4104,1136,0,48539,4562,2,2015-11-02 00:03:12,–ú–æ–∫—à–µ–Ω—å (Mokshanj K√§lj),77,–ú–æ–∫—à–µ–Ω—å –∫—è–ª—å,7,MediaWiki 1.20wmf12,,,,MediaWiki 1.26wmf7,,,,,,,,,,,,,,,,,,,,8,200,
213,Zhuang,za,2578,1065,0,37833,4899,0,2015-11-02 00:01:28,Cuengh,0,Sawcuengh,8,MediaWiki 1.20wmf12,,,,MediaWiki 1.26wmf7,,,,,,,,,,,,,,,,,,,,8,200,
169,Igbo,ig,5469,1043,0,59132,5919,1,2015-11-02 00:02:30,Igbo,3,Asusu Igbo,16,MediaWiki 1.20wmf12,,,,MediaWiki 1.26wmf7,,,,,,,,,,,,,,,,,,,,8,200,
140,Wolof,wo,5576,1037,0,100636,7967,2,2015-11-02 00:08:37,Wolof,71,Wolof,22,MediaWiki 1.20wmf12,,,,MediaWiki 1.26wmf7,,,,,,,,,,,,,,,,,,,,8,200,
280,Sranan,srn,2543,1002,0,39251,3687,0,2015-11-02 00:03:21,Sranantongo,0,,9,MediaWiki 1.20wmf12,,,,MediaWiki 1.26wmf7,,,,,,,,,,,,,,,,,,,,8,200,
226,Kongo,kg,2317,906,0,41543,4969,1,2015-11-02 00:01:32,KiKongo,3,Kikongo/Kituba,9,MediaWiki 1.20wmf12,,,,MediaWiki 1.26wmf7,,,,,,,,,,,,,,,,,,,,8,200,
113,Abkhazian,ab,4424,826,0,43323,9135,0,2015-11-02 00:08:52,–ê“ß—Å—É–∞,1,–ê“ß—Å—É–∞ –±—ã–∑—à”ô–∞,20,MediaWiki 1.20wmf12,,,,MediaWiki 1.26wmf7,,,,,,,,,,,,,,,,,,,,8,200,
298,Latgalian,ltg,2565,775,,31794,3181,0,2015-11-02 00:03:52,Latgaƒºu,26,,11,MediaWiki 1.20wmf12,,,,MediaWiki 1.26wmf7,,,,,,,,,,,,,,,,,,,,8,200,
143,Zulu,zu,3886,696,0,38186,7912,0,2015-11-02 00:08:14,isiZulu,1,IsiZulu,21,MediaWiki 1.20wmf12,,,,MediaWiki 1.26wmf7,,,,,,,,,,,,,,,,,,,,8,200,
189,Oromo,om,3672,677,0,24592,4067,0,2015-11-02 00:01:55,Oromoo,0,Afaan Oromoo,10,MediaWiki 1.20wmf12,,,,MediaWiki 1.26wmf7,,,,,,,,,,,,,,,,,,,,8,200,
179,Luganda,lg,2527,655,0,20630,3469,0,2015-11-02 00:02:45,Luganda,0,,15,MediaWiki 1.20wmf12,,,,MediaWiki 1.26wmf7,,,,,,,,,,,,,,,,,,,,8,200,
239,Romani,rmy,2478,582,0,48924,9505,0,2015-11-02 00:04:38,romani - ‡§∞‡•ã‡§Æ‡§æ‡§®‡•Ä,1,Romani chib,14,MediaWiki 1.20wmf12,,,,MediaWiki 1.26wmf7,,,,,,,,,,,,,,,,,,,,8,200,
157,Cheyenne,chy,1979,578,0,21274,5537,0,2015-11-02 00:02:24,Tsets√™hest√¢hese,0,,10,MediaWiki 1.20wmf12,,,,MediaWiki 1.26wmf7,,,,,,,,,,,,,,,,,,,,8,200,
259,Old Church Slavonic,cu,4126,568,0,70759,13362,1,2015-11-02 00:05:06,–°–ª–æ–≤—£–Ω—å—Å–∫—ä,3,–°–ª–æ–≤—£ÃÅ–Ω—å—Å–∫—ä —©ÍôÅÍôëÃÅ–∫—ä,19,MediaWiki 1.20wmf12,,,,MediaWiki 1.26wmf7,,,,,,,,,,,,,,,,,,,,8,200,
139,Twi,tw,1687,553,0,17482,5787,0,2015-11-02 00:08:35,Twi,0,Twi,11,MediaWiki 1.20wmf12,,,,MediaWiki 1.26wmf7,,,,,,,,,,,,,,,,,,,,8,200,
137,Tswana,tn,2243,502,0,21084,4386,1,2015-11-02 00:08:31,Setswana,1,Setswana,5,MediaWiki 1.20wmf12,,,,MediaWiki 1.26wmf7,,,,,,,,,,,,,,,,,,,,8,200,
156,Cherokee,chr,3817,487,0,34543,9411,0,2015-11-02 00:02:22,·è£·é≥·é©,1,·è£·é≥·é© ·éß·è¨·èÇ·éØ·èç·èó,11,MediaWiki 1.20wmf12,,,,MediaWiki 1.26wmf7,,,,,,,,,,,,,,,,,,,,8,200,
148,Bislama,bi,1865,467,0,38106,5500,0,2015-11-02 00:08:08,Bislama,1,Bislama,18,MediaWiki 1.20wmf12,,,,MediaWiki 1.26wmf7,,,,,,,,,,,,,,,,,,,,8,200,
193,Norfolk,pih,2280,466,0,40620,5123,0,2015-11-02 00:01:00,Norfuk,2,Norfuk,11,MediaWiki 1.20wmf12,,,,MediaWiki 1.26wmf7,,,,,,,,,,,,,,,,,,,,8,200,
98,Samoan,sm,2958,422,0,32774,4049,0,2015-11-02 00:09:54,Gagana Samoa,1,Gagana_fa'a_SƒÅmoa,10,MediaWiki 1.20wmf12,,,,MediaWiki 1.26wmf7,,,,,,,,,,,,,,,,,,,,8,200,
141,Xhosa,xh,2300,417,1,28296,5128,0,2015-11-02 00:08:10,isiXhosa,0,IsiXhosa,18,MediaWiki 1.20wmf12,,,,MediaWiki 1.26wmf7,,,,,,,,,,,,,,,,,,,,8,200,
134,Swati,ss,1866,412,0,37137,4061,2,2015-11-02 00:08:26,SiSwati,6,SiSwati,11,MediaWiki 1.20wmf12,,,,MediaWiki 1.26wmf7,,,,,,,,,,,,,,,,,,,,8,200,
164,Gothic,got,3875,406,0,34155,9385,2,2015-11-02 00:02:12,êå≤êåøêçÑêåπêçÉêå∫,15,êå≤êåøêçÑêå∞êçÇêå∞êå∂êå≥êå∞,9,MediaWiki 1.20wmf12,,,,MediaWiki 1.26wmf7,,,,,,,,,,,,,,,,,,,,8,200,
127,Moldovan,mo,2443,394,0,10249,2157,0,2015-11-02 00:07:34,–ú–æ–ª–¥–æ–≤–µ–Ω—è—Å–∫—ç,31,–õ–∏–º–±–∞_–º–æ–ª–¥–æ–≤–µ–Ω—è—Å–∫—ç,1,MediaWiki 1.20wmf12,,,,MediaWiki 1.26wmf7,,,,,,,,,,,,,,,,,,,,8,200,
194,Kirundi,rn,1560,394,0,19275,4111,0,2015-11-02 00:01:03,Kirundi,0,Kirundi,7,MediaWiki 1.20wmf12,,,,MediaWiki 1.26wmf7,,,,,,,,,,,,,,,,,,,,8,200,
175,Kikuyu,ki,1719,370,0,17614,3614,0,2015-11-02 00:03:04,Gƒ©k≈©y≈©,0,Gƒ©gƒ©k≈©y≈©,7,MediaWiki 1.20wmf12,,,,MediaWiki 1.26wmf7,,,,,,,,,,,,,,,,,,,,8,200,
282,Pontic,pnt,1736,360,0,35007,5040,2,2015-11-02 00:03:38,Œ†ŒøŒΩœÑŒπŒ±Œ∫Œ¨,6,Pontic_Greek,4,MediaWiki 1.20wmf12,,,,MediaWiki 1.26wmf7,,,,,,,,,,,,,,,,,,,,8,200,
149,Bambara,bm,2962,354,0,36231,5875,1,2015-11-02 00:07:40,Bamanankan,1,Bamanankan,8,MediaWiki 1.20wmf12,,,,MediaWiki 1.26wmf7,,,,,,,,,,,,,,,,,,,,8,200,
124,Inuktitut,iu,3675,337,0,37700,8970,1,2015-11-02 00:07:28,·êÉ·ìÑ·íÉ·ëé·ëê·ë¶,4,·êÉ·ìÑ·íÉ·ëé·ëê·ë¶/inuktitut,13,MediaWiki 1.20wmf12,,,,MediaWiki 1.26wmf7,,,,,,,,,,,,,,,,,,,,8,200,
224,Ewe,ee,3509,317,0,47935,6434,1,2015-11-02 00:03:08,E ãegbe,0,E ãegbe,13,MediaWiki 1.20wmf12,,,,MediaWiki 1.26wmf7,,,,,,,,,,,,,,,,,,,,8,200,
135,Sesotho,st,2804,292,0,18570,4804,0,2015-11-02 00:08:29,Sesotho,0,Sesotho,9,MediaWiki 1.20wmf12,,,,MediaWiki 1.26wmf7,,,,,,,,,,,,,,,,,,,,8,200,
138,Tsonga,ts,1897,281,0,29251,4223,1,2015-11-02 00:08:33,Xitsonga,0,Xitsonga,12,MediaWiki 1.20wmf12,,,,MediaWiki 1.26wmf7,,,,,,,,,,,,,,,,,,,,8,200,
85,Kashmiri,ks,2487,263,0,31184,4747,1,2015-11-02 00:09:10,‡§ï‡§∂‡•ç‡§Æ‡•Ä‡§∞‡•Ä / ŸÉÿ¥ŸÖŸäÿ±Ÿä,1,‡§ï‡•â‡§∂‡•Å‡§∞ ‡§ú‡§º‡§¨‡§æ‡§®,10,MediaWiki 1.20wmf12,,,,MediaWiki 1.26wmf7,,,,,,,,,,,,,,,,,,,,8,200,
89,Fijian,fj,1689,258,0,33801,4359,0,2015-11-02 00:08:41,Na Vosa Vakaviti,0,,8,MediaWiki 1.20wmf12,,,,MediaWiki 1.26wmf7,,,,,,,,,,,,,,,,,,,,8,200,
144,Akan,ak,1781,252,0,20391,5600,1,2015-11-02 00:08:16,Akana,0,Akan,12,MediaWiki 1.20wmf12,,,,MediaWiki 1.26wmf7,,,,,,,,,,,,,,,,,,,,8,200,
198,Sango,sg,1468,241,2,20361,3374,0,2015-11-02 00:00:50,S√§ng√∂,0,,11,MediaWiki 1.20wmf12,,,,MediaWiki 1.26wmf7,,,,,,,,,,,,,,,,,,,,8,200,
171,Inupiak,ik,2154,233,0,34511,4039,0,2015-11-02 00:02:58,I√±upiak,0,I√±upiak uqautchit,6,MediaWiki 1.20wmf12,,,,MediaWiki 1.26wmf7,,,,,,,,,,,,,,,,,,,,8,200,
209,Venda,ve,1454,186,0,16956,3451,0,2015-11-02 00:01:38,Tshivenda,0,TshiVen·∏ìa,8,MediaWiki 1.20wmf12,,,,MediaWiki 1.26wmf7,,,,,,,,,,,,,,,,,,,,8,200,
161,Fula,ff,1602,179,0,21207,4096,0,2015-11-02 00:02:05,Fulfulde,1,Fulfulde,5,MediaWiki 1.20wmf12,,,,MediaWiki 1.26wmf7,,,,,,,,,,,,,,,,,,,,8,200,
188,Chichewa,ny,1395,160,0,17075,3616,1,2015-11-02 00:01:53,Chi-Chewa,0,,6,MediaWiki 1.20wmf12,,,,MediaWiki 1.26wmf7,,,,,,,,,,,,,,,,,,,,8,200,
202,Tigrinya,ti,1461,158,0,19552,4096,0,2015-11-02 00:01:21,·âµ·åç·à≠·äõ,1,·âµ·åç·à≠·äõ_·çä·ã∞·àç,6,MediaWiki 1.20wmf12,,,,MediaWiki 1.26wmf7,,,,,,,,,,,,,,,,,,,,8,200,
154,Chamorro,ch,2327,157,0,17319,7848,0,2015-11-02 00:02:18,Chamoru,1,Fino' Chamoru,8,MediaWiki 1.20wmf12,,,,MediaWiki 1.26wmf7,,,,,,,,,,,,,,,,,,,,8,200,
120,Dzongkha,dz,1498,157,0,27467,4818,0,2015-11-02 00:07:49,‡Ωá‡Ωº‡ΩÑ‡ºã‡ΩÅ,2,‡Ω¢‡æ´‡Ωº‡ΩÑ‡ºã‡ΩÅ‡ºã,6,MediaWiki 1.20wmf12,,,,MediaWiki 1.26wmf7,,,,,,,,,,,,,,,,,,,,8,200,
205,Tumbuka,tum,1287,107,0,22673,3301,0,2015-11-02 00:01:59,chiTumbuka,0,ChiTumbuka,6,MediaWiki 1.20wmf12,,,,MediaWiki 1.26wmf7,,,,,,,,,,,,,,,,,,,,8,200,
158,Cree,cr,2885,92,0,28764,7460,1,2015-11-02 00:02:26,Nehiyaw,2,,10,MediaWiki 1.20wmf12,,,,MediaWiki 1.26wmf7,,,,,,,,,,,,,,,,,,,,8,200,
290,Ndonga,ng,442,8,0,6038,1746,0,2015-11-02 00:04:01,Oshiwambo,1,,0,MediaWiki 1.20wmf12,,,,MediaWiki 1.26wmf7,,,,,,,,,,,,,,,,,,,,8,200,
155,Choctaw,cho,203,6,0,4177,1410,0,2015-11-02 00:02:20,Choctaw,2,Chahta_Anumpa,0,MediaWiki 1.20wmf12,,,,MediaWiki 1.26wmf7,,,,,,,,,,,,,,,,,,,,8,200,
183,Marshallese,mh,207,4,0,4212,1740,0,2015-11-02 00:02:33,Ebon,2,Kajin_MÃßajeƒº,0,MediaWiki 1.20wmf12,,,,MediaWiki 1.26wmf7,,,,,,,,,,,,,,,,,,,,8,200,
225,Kuanyama,kj,113,4,0,3510,1138,0,2015-11-02 00:05:37,Kuanyama,0,,0,MediaWiki 1.20wmf12,,,,MediaWiki 1.26wmf7,,,,,,,,,,,,,,,,,,,,8,200,
170,Sichuan Yi,ii,203,3,0,11610,1544,0,2015-11-02 00:02:56,ÍÜáÍâô,3,,0,MediaWiki 1.20wmf12,,,,MediaWiki 1.26wmf7,,,,,,,,,,,,,,,,,,,,8,200,
165,Hiri Motu,ho,128,3,0,3735,1276,0,2015-11-02 00:01:47,Hiri Motu,0,,0,MediaWiki 1.20wmf12,,,,MediaWiki 1.26wmf7,,,,,,,,,,,,,,,,,,,,8,200,
267,Afar,aa,1513,1,0,2722,3241,0,2015-11-02 00:03:31,Afar,0,,0,MediaWiki 1.20wmf12,,,,MediaWiki 1.26wmf7,,,,,,,,,,,,,,,,,,,,8,200,
223,Muscogee,mus,114,1,0,3568,1627,0,2015-11-02 00:01:15,Muskogee,0,Mvskoke,0,MediaWiki 1.20wmf12,,,,MediaWiki 1.26wmf7,,,,,,,,,,,,,,,,,,,,8,200,
168,Herero,hz,175,0,0,4431,3079,0,2015-11-02 00:02:28,Otsiherero,0,,0,MediaWiki 1.20wmf12,,,,MediaWiki 1.26wmf7,,,,,,,,,,,,,,,,,,,,8,200,
176,Kanuri,kr,162,0,0,4563,4402,0,2015-11-02 00:03:06,Kanuri,0,,0,MediaWiki 1.20wmf12,,,,MediaWiki 1.26wmf7,,,,,,,,,,,,,,,,,,,,8,200,
